Year,Player,Pos,HT,WT,Team,Selection Type,NBA Draft Status,Nationality
2016,Stephen Curry,G,6-3,190,Golden State Warriors,Western All-Star Fan Vote Selection,2009 Rnd 1 Pick 7,United States
2016,James Harden,SG,6-5,220,Houston Rockets,Western All-Star Fan Vote Selection,2009 Rnd 1 Pick 3,United States
2016,Kevin Durant,SF,6-9,240,Golden State Warriors,Western All-Star Fan Vote Selection,2007 Rnd 1 Pick 2,United States
2016,Kawhi Leonard,F,6-7,230,San Antonio Spurs,Western All-Star Fan Vote Selection,2011 Rnd 1 Pick 15,United States
2016,Anthony Davis,PF,6-11,253,New Orleans Pelicans,Western All-Star Fan Vote Selection,2012 Rnd 1 Pick 1,United States
2016,Russell Westbrook,G,6-3,200,Oklahoma City Thunder,Western All-Star Coaches Selection,2008 Rnd 1 Pick 4,United States
2016,DeMarcus Cousins,C,6-11,270,Sacramento Kings,Western All-Star Coaches Selection,2010 Rnd 1 Pick 5,United States
2016,Klay Thompson,G,6-7,215,Golden State Warriors,Western All-Star Coaches Selection,2011 Rnd 1 Pick 11,United States
2016,Draymond Green,F,6-7,230,Golden State Warriors,Western All-Star Coaches Selection,2012 Rnd 2 Pick 5,United States
2016,Marc Gasol,C,7-1,255,Memphis Grizzlies,Western All-Star Coaches Selection,2007 Rnd 2 Pick 18,Spain
2016,DeAndre Jordan,C,6-11,265,Los Angeles Clippers,Western All-Star Coaches Selection,2008 Rnd 2 Pick 5,United States
2016,Gordon Hayward,GF,6-8,226,Utah Jazz,Western All-Star Coaches Selection,2010 Rnd 1 Pick 9,United States
2016,Kyrie Irving,G,6-3,193,Cleveland Cavaliers,Eastern All-Star Fan Vote Selection,2011 Rnd 1 Pick 1,"United States
Australia"
2016,DeMar DeRozan,GF,6-7,220,Toronto Raptors,Eastern All-Star Fan Vote Selection,2009 Rnd 1 Pick 9,United States
2016,LeBron James,F,6-8,250,Cleveland Cavaliers,Eastern All-Star Fan Vote Selection,2003 Rnd 1 Pick 1,United States
2016,Giannis Antetokounmpo,F,6-11,222,Milwaukee Bucks,Eastern All-Star Fan Vote Selection,2013 Rnd 1 Pick 15,"Greece
Nigeria"
2016,Jimmy Butler,GF,6-7,231,Chicago Bulls,Eastern All-Star Fan Vote Selection,2011 Rnd 1 Pick 30,United States
2016,Isaiah Thomas,PG,5-9,185,Boston Celtics,Eastern All-Star Coaches Selection,2011 Rnd 2 Pick 30,United States
2016,John Wall,PG,6-4,210,Washington Wizards,Eastern All-Star Coaches Selection,2010 Rnd 1 Pick 1,United States
2016,Kevin Love,FC,6-10,251,Cleveland Cavaliers,Eastern All-Star Coaches Selection,2008 Rnd 1 Pick 5,United States
2016,Kyle Lowry,PG,6-0,205,Toronto Raptors,Eastern All-Star Coaches Selection,2006 Rnd 1 Pick 24,United States
2016,Paul George,GF,6-9,220,Indiana Pacers,Eastern All-Star Coaches Selection,2010 Rnd 1 Pick 10,United States
2016,Kemba Walker,G,6-1,184,Charlotte Hornets,Eastern All-Star Coaches Selection,2011 Rnd 1 Pick 9,United States
2016,Paul Millsap,FC,6-8,246,Atlanta Hawks,Eastern All-Star Coaches Selection,2006 Rnd 2 Pick 17,United States
2015,LeBron James,F,6-8,250,Cleveland Cavaliers,Eastern All-Star Fan Vote Selection,2003 Rnd 1 Pick 1,United States
2015,Dwyane Wade,SG,6-4,220,Miami Heat,Eastern All-Star Fan Vote Selection,2003 Rnd 1 Pick 5,United States
2015,Paul George,GF,6-9,220,Indiana Pacers,Eastern All-Star Fan Vote Selection,2010 Rnd 1 Pick 10,United States
2015,Carmelo Anthony,F,6-8,240,New York Knicks,Eastern All-Star Fan Vote Selection,2003 Rnd 1 Pick 3,United States
2015,Kyle Lowry,PG,6-0,205,Toronto Raptors,Eastern All-Star Fan Vote Selection,2006 Rnd 1 Pick 24,United States
2015,Jimmy Butler,GF,6-7,231,Chicago Bulls,Eastern All-Star Coaches Selection,2011 Rnd 1 Pick 30,United States
2015,DeMar DeRozan,GF,6-7,220,Toronto Raptors,Eastern All-Star Coaches Selection,2009 Rnd 1 Pick 9,United States
2015,Paul Millsap,FC,6-8,246,Atlanta Hawks,Eastern All-Star Coaches Selection,2006 Rnd 2 Pick 17,United States
2015,Andre Drummond,C,6-11,279,Detroit Pistons,Eastern All-Star Coaches Selection,2012 Rnd 1 Pick 9,United States
2015,Chris Bosh,PF,6-11,235,Miami Heat,Eastern All-Star Coaches Selection,2003 Rnd 1 Pick 4,United States
2015,John Wall,PG,6-4,210,Washington Wizards,Eastern All-Star Coaches Selection,2010 Rnd 1 Pick 1,United States
2015,Isaiah Thomas,PG,5-9,185,Boston Celtics,Eastern All-Star Coaches Selection,2011 Rnd 2 Pick 30,United States
2015,Pau Gasol,FC,7-0,250,Chicago Bulls,Eastern All-Star Replacement Selection,2001 Rnd 1 Pick 3,Spain
2015,Al Horford,FC,6-10,245,Atlanta Hawks,Eastern All-Star Replacement Selection,2007 Rnd 1 Pick 3,"Dominican Republic
United States"
2015,Kobe Bryant,SG,6-6,212,Los Angeles Lakers,Western All-Star Fan Vote Selection,1996 Rnd 1 Pick 13,United States
2015,Kevin Durant,SF,6-9,240,Oklahoma City Thunder,Western All-Star Fan Vote Selection,2007 Rnd 1 Pick 2,United States
2015,Kawhi Leonard,F,6-7,230,San Antonio Spurs,Western All-Star Fan Vote Selection,2011 Rnd 1 Pick 15,United States
2015,Stephen Curry,G,6-3,190,Golden State Warriors,Western All-Star Fan Vote Selection,2009 Rnd 1 Pick 7,United States
2015,Russell Westbrook,G,6-3,200,Oklahoma City Thunder,Western All-Star Fan Vote Selection,2008 Rnd 1 Pick 4,United States
2015,Draymond Green,F,6-7,230,Golden State Warriors,Western All-Star Coaches Selection,2012 Rnd 2 Pick 5,United States
2015,James Harden,SG,6-5,220,Houston Rockets,Western All-Star Coaches Selection,2009 Rnd 1 Pick 3,United States
2015,Chris Paul,PG,6-0,175,Los Angeles Clippers,Western All-Star Coaches Selection,2005 Rnd 1 Pick 4,United States
2015,Klay Thompson,G,6-7,215,Golden State Warriors,Western All-Star Coaches Selection,2011 Rnd 1 Pick 11,United States
2015,Anthony Davis,PF,6-11,253,New Orleans Pelicans,Western All-Star Coaches Selection,2012 Rnd 1 Pick 1,United States
2015,DeMarcus Cousins,C,6-11,270,Sacramento Kings,Western All-Star Coaches Selection,2010 Rnd 1 Pick 5,United States
2015,LaMarcus Aldridge,FC,6-11,240,San Antonio Spurs,Western All-Star Coaches Selection,2006 Rnd 1 Pick 2,United States
2014,LeBron James,F,6-8,250,Cleveland Cavaliers,Eastern All-Star Fan Vote Selection,2003 Rnd 1 Pick 1,United States
2014,John Wall,PG,6-4,210,Washington Wizards,Eastern All-Star Fan Vote Selection,2010 Rnd 1 Pick 1,United States
2014,Kyle Lowry,PG,6-0,205,Toronto Raptors,Eastern All-Star Fan Vote Selection,2006 Rnd 1 Pick 24,United States
2014,Pau Gasol,FC,7-0,250,Chicago Bulls,Eastern All-Star Fan Vote Selection,2001 Rnd 1 Pick 3,Spain
2014,Carmelo Anthony,F,6-8,240,New York Knicks,Eastern All-Star Fan Vote Selection,2003 Rnd 1 Pick 3,United States
2014,Al Horford,FC,6-10,245,Atlanta Hawks,Eastern All-Star Coaches Selection,2007 Rnd 1 Pick 3,"Dominican Republic
United States"
2014,Jeff Teague,PG,6-2,186,Atlanta Hawks,Eastern All-Star Coaches Selection,2009 Rnd 1 Pick 19,United States
2014,Paul Millsap,FC,6-8,246,Atlanta Hawks,Eastern All-Star Coaches Selection,2006 Rnd 2 Pick 17,United States
2014,Jimmy Butler,GF,6-7,231,Chicago Bulls,Eastern All-Star Coaches Selection,2011 Rnd 1 Pick 30,United States
2014,Kyrie Irving,G,6-3,193,Cleveland Cavaliers,Eastern All-Star Coaches Selection,2011 Rnd 1 Pick 1,"United States
Australia"
2014,Chris Bosh,PF,6-11,235,Miami Heat,Eastern All-Star Coaches Selection,2003 Rnd 1 Pick 4,United States
2014,Dwyane Wade,SG,6-4,220,Miami Heat,Eastern All-Star Coaches Selection,2003 Rnd 1 Pick 5,United States
2014,Kyle Korver,SF,6-7,212,Atlanta Hawks,Eastern All-Star Replacement Selection,2003 Rnd 2 Pick 22,United States
2014,Stephen Curry,G,6-3,190,Golden State Warriors,Western All-Star Fan Vote Selection,2009 Rnd 1 Pick 7,United States
2014,Kobe Bryant,SG,6-6,212,Los Angeles Lakers,Western All-Star Fan Vote Selection,1996 Rnd 1 Pick 13,United States
2014,Anthony Davis,PF,6-11,253,New Orleans Pelicans,Western All-Star Fan Vote Selection,2012 Rnd 1 Pick 1,United States
2014,Marc Gasol,C,7-1,255,Memphis Grizzlies,Western All-Star Fan Vote Selection,2007 Rnd 2 Pick 18,Spain
2014,Blake Griffin,PF,6-10,251,Los Angeles Clippers,Western All-Star Fan Vote Selection,2009 Rnd 1 Pick 1,United States
2014,James Harden,SG,6-5,220,Houston Rockets,Western All-Star Coaches Selection,2009 Rnd 1 Pick 3,United States
2014,Klay Thompson,G,6-7,215,Golden State Warriors,Western All-Star Coaches Selection,2011 Rnd 1 Pick 11,United States
2014,LaMarcus Aldridge,FC,6-11,240,Portland Trail Blazers,Western All-Star Coaches Selection,2006 Rnd 1 Pick 2,United States
2014,Russell Westbrook,G,6-3,200,Oklahoma City Thunder,Western All-Star Coaches Selection,2008 Rnd 1 Pick 4,United States
2014,Kevin Durant,SF,6-9,240,Oklahoma City Thunder,Western All-Star Coaches Selection,2007 Rnd 1 Pick 2,United States
2014,Tim Duncan,FC,6-11,250,San Antonio Spurs,Western All-Star Coaches Selection,1997 Rnd 1 Pick 1,United States
2014,Chris Paul,PG,6-0,175,Los Angeles Clippers,Western All-Star Coaches Selection,2005 Rnd 1 Pick 4,United States
2014,DeMarcus Cousins,C,6-11,270,Sacramento Kings,Western All-Star Replacement Selection,2010 Rnd 1 Pick 5,United States
2014,Damian Lillard,G,6-3,195,Portland Trail Blazers,Western All-Star Replacement Selection,2012 Rnd 1 Pick 6,United States
2014,Dirk Nowitzki,PF,7-0,245,Dallas Mavericks,Western All-Star Replacement Selection,1998 Rnd 1 Pick 9,Germany
2013,LaMarcus Aldridge,FC,6-11,240,Portland Trail Blazers,Western All-Star Coaches Selection,2006 Rnd 1 Pick 2,United States
2013,Damian Lillard,G,6-3,195,Portland Trail Blazers,Western All-Star Coaches Selection,2012 Rnd 1 Pick 6,United States
2013,Chris Paul,PG,6-0,175,Los Angeles Clippers,Western All-Star Coaches Selection,2005 Rnd 1 Pick 4,United States
2013,Tony Parker,G,6-2,185,San Antonio Spurs,Western All-Star Coaches Selection,2001 Rnd 1 Pick 28,France
2013,James Harden,SG,6-5,220,Houston Rockets,Western All-Star Coaches Selection,2009 Rnd 1 Pick 3,United States
2013,Dwight Howard,C,6-11,265,Houston Rockets,Western All-Star Coaches Selection,2004 Rnd 1 Pick 1,United States
2013,Dirk Nowitzki,PF,7-0,245,Dallas Mavericks,Western All-Star Coaches Selection,1998 Rnd 1 Pick 9,Germany
2013,Kevin Durant,SF,6-9,240,Oklahoma City Thunder,Western All-Star Fan Vote Selection,2007 Rnd 1 Pick 2,United States
2013,Kobe Bryant,SG,6-6,212,Los Angeles Lakers,Western All-Star Fan Vote Selection,1996 Rnd 1 Pick 13,United States
2013,Stephen Curry,G,6-3,190,Golden State Warriors,Western All-Star Fan Vote Selection,2009 Rnd 1 Pick 7,United States
2013,Blake Griffin,PF,6-10,251,Los Angeles Clippers,Western All-Star Fan Vote Selection,2009 Rnd 1 Pick 1,United States
2013,Kevin Love,FC,6-10,251,Minnesota Timberwolves,Western All-Star Fan Vote Selection,2008 Rnd 1 Pick 5,United States
2013,Anthony Davis,PF,6-11,253,New Orleans Pelicans,Western All-Star Replacement Selection,2012 Rnd 1 Pick 1,United States
2013,LeBron James,F,6-8,250,Miami Heat,Eastern All-Star Fan Vote Selection,2003 Rnd 1 Pick 1,United States
2013,Dwyane Wade,SG,6-4,220,Miami Heat,Eastern All-Star Fan Vote Selection,2003 Rnd 1 Pick 5,United States
2013,Kyrie Irving,G,6-3,193,Cleveland Cavaliers,Eastern All-Star Fan Vote Selection,2011 Rnd 1 Pick 1,"United States
Australia"
2013,Paul George,GF,6-9,220,Indiana Pacers,Eastern All-Star Fan Vote Selection,2010 Rnd 1 Pick 10,United States
2013,Carmelo Anthony,F,6-8,240,New York Knicks,Eastern All-Star Fan Vote Selection,2003 Rnd 1 Pick 3,United States
2013,Roy Hibbert,C,7-2,270,Indiana Pacers,Eastern All-Star Coaches Selection,2008 Rnd 1 Pick 17,United States
2013,Paul Millsap,FC,6-8,246,Atlanta Hawks,Eastern All-Star Coaches Selection,2006 Rnd 2 Pick 17,United States
2013,DeMar DeRozan,GF,6-7,220,Toronto Raptors,Eastern All-Star Coaches Selection,2009 Rnd 1 Pick 9,United States
2013,John Wall,PG,6-4,210,Washington Wizards,Eastern All-Star Coaches Selection,2010 Rnd 1 Pick 1,United States
2013,Joakim Noah,FC,6-11,230,Chicago Bulls,Eastern All-Star Coaches Selection,2007 Rnd 1 Pick 9,"France
United States"
2013,Joe Johnson,SG,6-7,240,Brooklyn Nets,Eastern All-Star Coaches Selection,2001 Rnd 1 Pick 10,United States
2013,Chris Bosh,PF,6-11,235,Miami Heat,Eastern All-Star Coaches Selection,2003 Rnd 1 Pick 4,United States
2012,Kevin Durant,SF,6-9,240,Oklahoma City Thunder,Western All-Star Fan Vote Selection,2007 Rnd 1 Pick 2,United States
2012,Dwight Howard,C,6-11,265,Los Angeles Lakers,Western All-Star Fan Vote Selection,2004 Rnd 1 Pick 1,United States
2012,Blake Griffin,PF,6-10,251,Los Angeles Clippers,Western All-Star Fan Vote Selection,2009 Rnd 1 Pick 1,United States
2012,Kobe Bryant,SG,6-6,212,Los Angeles Lakers,Western All-Star Fan Vote Selection,1996 Rnd 1 Pick 13,United States
2012,Chris Paul,PG,6-0,175,Los Angeles Clippers,Western All-Star Fan Vote Selection,2005 Rnd 1 Pick 4,United States
2012,Tim Duncan,FC,6-11,250,San Antonio Spurs,Western All-Star Coaches Selection,1997 Rnd 1 Pick 1,United States
2012,Tony Parker,G,6-2,185,San Antonio Spurs,Western All-Star Coaches Selection,2001 Rnd 1 Pick 28,France
2012,Russell Westbrook,G,6-3,200,Oklahoma City Thunder,Western All-Star Coaches Selection,2008 Rnd 1 Pick 4,United States
2012,James Harden,SG,6-5,220,Houston Rockets,Western All-Star Coaches Selection,2009 Rnd 1 Pick 3,United States
2012,Zach Randolph,PF,6-9,260,Memphis Grizzlies,Western All-Star Coaches Selection,2001 Rnd 1 Pick 19,United States
2012,LaMarcus Aldridge,FC,6-11,240,Portland Trail Blazers,Western All-Star Coaches Selection,2006 Rnd 1 Pick 2,United States
2012,David Lee,FC,6-9,245,Golden State Warriors,Western All-Star Coaches Selection,2005 Rnd 1 Pick 30,United States
2012,Dwyane Wade,SG,6-4,220,Miami Heat,Eastern All-Star Fan Vote Selection,2003 Rnd 1 Pick 5,United States
2012,LeBron James,F,6-8,250,Miami Heat,Eastern All-Star Fan Vote Selection,2003 Rnd 1 Pick 1,United States
2012,Rajon Rondo,PG,6-1,186,Boston Celtics,Eastern All-Star Fan Vote Selection,2006 Rnd 1 Pick 21,United States
2012,Carmelo Anthony,F,6-8,240,New York Knicks,Eastern All-Star Fan Vote Selection,2003 Rnd 1 Pick 3,United States
2012,Kevin Garnett,PF,6-11,240,Boston Celtics,Eastern All-Star Fan Vote Selection,1995 Rnd 1 Pick 5,United States
2012,Chris Bosh,PF,6-11,235,Miami Heat,Eastern All-Star Coaches Selection,2003 Rnd 1 Pick 4,United States
2012,Tyson Chandler,C,7-1,240,New York Knicks,Eastern All-Star Coaches Selection,2001 Rnd 1 Pick 2,United States
2012,Joakim Noah,FC,6-11,230,Chicago Bulls,Eastern All-Star Coaches Selection,2007 Rnd 1 Pick 9,"France
United States"
2012,Paul George,GF,6-9,220,Indiana Pacers,Eastern All-Star Coaches Selection,2010 Rnd 1 Pick 10,United States
2012,Luol Deng,GF,6-9,220,Chicago Bulls,Eastern All-Star Coaches Selection,2004 Rnd 1 Pick 7,"England
South Sudan"
2012,Jrue Holiday,G,6-4,205,Philadelphia Sixers,Eastern All-Star Coaches Selection,2009 Rnd 1 Pick 17,United States
2012,Kyrie Irving,G,6-3,193,Cleveland Cavaliers,Eastern All-Star Coaches Selection,2011 Rnd 1 Pick 1,"United States
Australia"
2012,Brook Lopez,C,7-0,268,Brooklyn Nets,Eastern All-Star Replacement Selection,2008 Rnd 1 Pick 10,United States
2011,Derrick Rose,PG,6-3,190,Chicago Bulls,Eastern All-Star Fan Vote Selection,2008 Rnd 1 Pick 1,United States
2011,Dwyane Wade,SG,6-4,220,Miami Heat,Eastern All-Star Fan Vote Selection,2003 Rnd 1 Pick 5,United States
2011,LeBron James,F,6-8,250,Miami Heat,Eastern All-Star Fan Vote Selection,2003 Rnd 1 Pick 1,United States
2011,Carmelo Anthony,F,6-8,240,New York Knicks,Eastern All-Star Fan Vote Selection,2003 Rnd 1 Pick 3,United States
2011,Dwight Howard,C,6-11,265,Orlando Magic,Eastern All-Star Fan Vote Selection,2004 Rnd 1 Pick 1,United States
2011,Chris Bosh,PF,6-11,235,Miami Heat,Eastern All-Star Coaches Selection,2003 Rnd 1 Pick 4,United States
2011,Roy Hibbert,C,7-2,270,Indiana Pacers,Eastern All-Star Coaches Selection,2008 Rnd 1 Pick 17,United States
2011,Paul Pierce,SF,6-7,235,Boston Celtics,Eastern All-Star Coaches Selection,1998 Rnd 1 Pick 10,United States
2011,Deron Williams,PG,6-3,200,New Jersey Nets,Eastern All-Star Coaches Selection,2005 Rnd 1 Pick 3,United States
2011,Luol Deng,GF,6-9,220,Chicago Bulls,Eastern All-Star Coaches Selection,2004 Rnd 1 Pick 7,"England
South Sudan"
2011,Andre Iguodala,SF,6-6,215,Philadelphia Sixers,Eastern All-Star Coaches Selection,2004 Rnd 1 Pick 9,United States
2011,Joe Johnson,SG,6-7,240,Atlanta Hawks,Eastern All-Star Coaches Selection,2001 Rnd 1 Pick 10,United States
2011,Rajon Rondo,PG,6-1,186,Boston Celtics,Eastern All-Star Replacement Selection,2006 Rnd 1 Pick 21,United States
2011,Kobe Bryant,SG,6-6,212,Los Angeles Lakers,Western All-Star Fan Vote Selection,1996 Rnd 1 Pick 13,United States
2011,Chris Paul,PG,6-0,175,Los Angeles Clippers,Western All-Star Fan Vote Selection,2005 Rnd 1 Pick 4,United States
2011,Kevin Durant,SF,6-9,240,Oklahoma City Thunder,Western All-Star Fan Vote Selection,2007 Rnd 1 Pick 2,United States
2011,Blake Griffin,PF,6-10,251,Los Angeles Clippers,Western All-Star Fan Vote Selection,2009 Rnd 1 Pick 1,United States
2011,Andrew Bynum,C,7-0,285,Los Angeles Lakers,Western All-Star Fan Vote Selection,2005 Rnd 1 Pick 10,United States
2011,Kevin Love,FC,6-10,251,Minnesota Timberwolves,Western All-Star Coaches Selection,2008 Rnd 1 Pick 5,United States
2011,LaMarcus Aldridge,FC,6-11,240,Portland Trail Blazers,Western All-Star Coaches Selection,2006 Rnd 1 Pick 2,United States
2011,Russell Westbrook,G,6-3,200,Oklahoma City Thunder,Western All-Star Coaches Selection,2008 Rnd 1 Pick 4,United States
2011,Dirk Nowitzki,PF,7-0,245,Dallas Mavericks,Western All-Star Coaches Selection,1998 Rnd 1 Pick 9,Germany
2011,Tony Parker,G,6-2,185,San Antonio Spurs,Western All-Star Coaches Selection,2001 Rnd 1 Pick 28,France
2011,Steve Nash,G,6-3,178,Phoenix Suns,Western All-Star Coaches Selection,1996 Rnd 1 Pick 15,"Canada
South Africa"
2011,Marc Gasol,C,7-1,255,Memphis Grizzlies,Western All-Star Coaches Selection,2007 Rnd 2 Pick 18,Spain
2010,Carmelo Anthony,F,6-8,240,Denver Nuggets,Western All-Star Fan Vote Selection,2003 Rnd 1 Pick 3,United States
2010,Kobe Bryant,SG,6-6,212,Los Angeles Lakers,Western All-Star Fan Vote Selection,1996 Rnd 1 Pick 13,United States
2010,Kevin Durant,SF,6-9,240,Oklahoma City Thunder,Western All-Star Fan Vote Selection,2007 Rnd 1 Pick 2,United States
2010,Chris Paul,PG,6-0,175,New Orleans Hornets,Western All-Star Fan Vote Selection,2005 Rnd 1 Pick 4,United States
2010,Yao Ming,C,7-6,310,Houston Rockets,Western All-Star Fan Vote Selection,2002 Rnd 1 Pick 1,China
2010,Manu Ginobili,SG,6-6,205,San Antonio Spurs,Western All-Star Coaches Selection,1999 Rnd 2 Pick 28,Argentina
2010,Dirk Nowitzki,PF,7-0,245,Dallas Mavericks,Western All-Star Coaches Selection,1998 Rnd 1 Pick 9,Germany
2010,Pau Gasol,FC,7-0,250,Los Angeles Lakers,Western All-Star Coaches Selection,2001 Rnd 1 Pick 3,Spain
2010,Deron Williams,PG,6-3,200,Utah Jazz,Western All-Star Coaches Selection,2005 Rnd 1 Pick 3,United States
2010,Russell Westbrook,G,6-3,200,Oklahoma City Thunder,Western All-Star Coaches Selection,2008 Rnd 1 Pick 4,United States
2010,Blake Griffin,PF,6-10,251,Los Angeles Clippers,Western All-Star Coaches Selection,2009 Rnd 1 Pick 1,United States
2010,Tim Duncan,FC,6-11,250,San Antonio Spurs,Western All-Star Coaches Selection,1997 Rnd 1 Pick 1,United States
2010,Kevin Love,FC,6-10,251,Minnesota Timberwolves,Western All-Star Replacement Selection,2008 Rnd 1 Pick 5,United States
2010,Dwyane Wade,SG,6-4,220,Miami Heat,Eastern All-Star Fan Vote Selection,2003 Rnd 1 Pick 5,United States
2010,Amar'e Stoudemire,FC,6-10,245,New York Knicks,Eastern All-Star Fan Vote Selection,2002 Rnd 1 Pick 9,United States
2010,Dwight Howard,C,6-11,265,Orlando Magic,Eastern All-Star Fan Vote Selection,2004 Rnd 1 Pick 1,United States
2010,LeBron James,F,6-8,250,Miami Heat,Eastern All-Star Fan Vote Selection,2003 Rnd 1 Pick 1,United States
2010,Derrick Rose,PG,6-3,190,Chicago Bulls,Eastern All-Star Fan Vote Selection,2008 Rnd 1 Pick 1,United States
2010,Kevin Garnett,PF,6-11,240,Boston Celtics,Eastern All-Star Coaches Selection,1995 Rnd 1 Pick 5,United States
2010,Paul Pierce,SF,6-7,235,Boston Celtics,Eastern All-Star Coaches Selection,1998 Rnd 1 Pick 10,United States
2010,Rajon Rondo,PG,6-1,186,Boston Celtics,Eastern All-Star Coaches Selection,2006 Rnd 1 Pick 21,United States
2010,Ray Allen,SG,6-5,205,Boston Celtics,Eastern All-Star Coaches Selection,1996 Rnd 1 Pick 5,United States
2010,Al Horford,FC,6-10,245,Atlanta Hawks,Eastern All-Star Coaches Selection,2007 Rnd 1 Pick 3,"Dominican Republic
United States"
2010,Joe Johnson,SG,6-7,240,Atlanta Hawks,Eastern All-Star Coaches Selection,2001 Rnd 1 Pick 10,United States
2010,Chris Bosh,PF,6-11,235,Miami Heat,Eastern All-Star Coaches Selection,2003 Rnd 1 Pick 4,United States
2009,Deron Williams,PG,6-3,200,Utah Jazz,Western All-Star Coaches Selection,2005 Rnd 1 Pick 3,United States
2009,Chris Paul,PG,6-0,175,New Orleans Hornets,Western All-Star Coaches Selection,2005 Rnd 1 Pick 4,United States
2009,Pau Gasol,FC,7-0,250,Los Angeles Lakers,Western All-Star Coaches Selection,2001 Rnd 1 Pick 3,Spain
2009,Kevin Durant,SF,6-9,240,Oklahoma City Thunder,Western All-Star Coaches Selection,2007 Rnd 1 Pick 2,United States
2009,Dirk Nowitzki,PF,7-0,245,Dallas Mavericks,Western All-Star Coaches Selection,1998 Rnd 1 Pick 9,Germany
2009,Zach Randolph,PF,6-9,260,Memphis Grizzlies,Western All-Star Coaches Selection,2001 Rnd 1 Pick 19,United States
2009,Brandon Roy,G,6-6,211,Portland Trail Blazers,Western All-Star Coaches Selection,2006 Rnd 1 Pick 6,United States
2009,Steve Nash,G,6-3,178,Phoenix Suns,Western All-Star Fan Vote Selection,1996 Rnd 1 Pick 15,"Canada
South Africa"
2009,Kobe Bryant,SG,6-6,212,Los Angeles Lakers,Western All-Star Fan Vote Selection,1996 Rnd 1 Pick 13,United States
2009,Amar'e Stoudemire,FC,6-10,245,Phoenix Suns,Western All-Star Fan Vote Selection,2002 Rnd 1 Pick 9,United States
2009,Tim Duncan,FC,6-11,250,San Antonio Spurs,Western All-Star Fan Vote Selection,1997 Rnd 1 Pick 1,United States
2009,Carmelo Anthony,F,6-8,240,Denver Nuggets,Western All-Star Fan Vote Selection,2003 Rnd 1 Pick 3,United States
2009,Chauncey Billups,G,6-3,210,Denver Nuggets,Western All-Star Replacement Selection,1997 Rnd 1 Pick 3,United States
2009,Chris Kaman,C,7-0,265,Los Angeles Clippers,Western All-Star Replacement Selection,2003 Rnd 1 Pick 6,"United States
Germany"
2009,Jason Kidd,PG,6-4,210,Dallas Mavericks,Western All-Star Replacement Selection,1994 Rnd 1 Pick 2,United States
2009,LeBron James,F,6-8,250,Cleveland Cavaliers,Eastern All-Star Fan Vote Selection,2003 Rnd 1 Pick 1,United States
2009,Kevin Garnett,PF,6-11,240,Boston Celtics,Eastern All-Star Fan Vote Selection,1995 Rnd 1 Pick 5,United States
2009,Allen Iverson,G,6-0,165,Philadelphia Sixers,Eastern All-Star Fan Vote Selection,1996 Rnd 1 Pick 1,United States
2009,Dwyane Wade,SG,6-4,220,Miami Heat,Eastern All-Star Fan Vote Selection,2003 Rnd 1 Pick 5,United States
2009,Dwight Howard,C,6-11,265,Orlando Magic,Eastern All-Star Fan Vote Selection,2004 Rnd 1 Pick 1,United States
2009,Rajon Rondo,PG,6-1,186,Boston Celtics,Eastern All-Star Coaches Selection,2006 Rnd 1 Pick 21,United States
2009,Derrick Rose,PG,6-3,190,Chicago Bulls,Eastern All-Star Coaches Selection,2008 Rnd 1 Pick 1,United States
2009,Paul Pierce,SF,6-7,235,Boston Celtics,Eastern All-Star Coaches Selection,1998 Rnd 1 Pick 10,United States
2009,Chris Bosh,PF,6-11,235,Toronto Raptors,Eastern All-Star Coaches Selection,2003 Rnd 1 Pick 4,United States
2009,Gerald Wallace,F,6-7,220,Charlotte Bobcats,Eastern All-Star Coaches Selection,2001 Rnd 1 Pick 25,United States
2009,Joe Johnson,SG,6-7,240,Atlanta Hawks,Eastern All-Star Coaches Selection,2001 Rnd 1 Pick 10,United States
2009,Al Horford,FC,6-10,245,Atlanta Hawks,Eastern All-Star Coaches Selection,2007 Rnd 1 Pick 3,"Dominican Republic
United States"
2009,David Lee,FC,6-9,245,New York Knicks,Eastern All-Star Replacement Selection,2005 Rnd 1 Pick 30,United States
2008,Chauncey Billups,G,6-3,210,Denver Nuggets,Western All-Star Coaches Selection,1997 Rnd 1 Pick 3,United States
2008,Pau Gasol,FC,7-0,250,Los Angeles Lakers,Western All-Star Coaches Selection,2001 Rnd 1 Pick 3,Spain
2008,Dirk Nowitzki,PF,7-0,245,Dallas Mavericks,Western All-Star Coaches Selection,1998 Rnd 1 Pick 9,Germany
2008,Shaquille O'Neal,C,7-1,325,Phoenix Suns,Western All-Star Coaches Selection,1992 Rnd 1 Pick 1,United States
2008,Tony Parker,G,6-2,185,San Antonio Spurs,Western All-Star Coaches Selection,2001 Rnd 1 Pick 28,France
2008,Brandon Roy,G,6-6,211,Portland Trail Blazers,Western All-Star Coaches Selection,2006 Rnd 1 Pick 6,United States
2008,David West,PF,6-9,250,New Orleans Hornets,Western All-Star Coaches Selection,2003 Rnd 1 Pick 18,United States
2008,Kobe Bryant,SG,6-6,212,Los Angeles Lakers,Western All-Star Fan Vote Selection,1996 Rnd 1 Pick 13,United States
2008,Tim Duncan,FC,6-11,250,San Antonio Spurs,Western All-Star Fan Vote Selection,1997 Rnd 1 Pick 1,United States
2008,Chris Paul,PG,6-0,175,New Orleans Hornets,Western All-Star Fan Vote Selection,2005 Rnd 1 Pick 4,United States
2008,Yao Ming,C,7-6,310,Houston Rockets,Western All-Star Fan Vote Selection,2002 Rnd 1 Pick 1,China
2008,Amar'e Stoudemire,FC,6-10,245,Phoenix Suns,Western All-Star Fan Vote Selection,2002 Rnd 1 Pick 9,United States
2008,Kevin Garnett,PF,6-11,240,Boston Celtics,Eastern All-Star Fan Vote Selection,1995 Rnd 1 Pick 5,United States
2008,Dwight Howard,C,6-11,265,Orlando Magic,Eastern All-Star Fan Vote Selection,2004 Rnd 1 Pick 1,United States
2008,Allen Iverson,G,6-0,165,Detroit Pistons,Eastern All-Star Fan Vote Selection,1996 Rnd 1 Pick 1,United States
2008,LeBron James,F,6-8,250,Cleveland Cavaliers,Eastern All-Star Fan Vote Selection,2003 Rnd 1 Pick 1,United States
2008,Dwyane Wade,SG,6-4,220,Miami Heat,Eastern All-Star Fan Vote Selection,2003 Rnd 1 Pick 5,United States
2008,Chris Bosh,PF,6-11,235,Toronto Raptors,Eastern All-Star Coaches Selection,2003 Rnd 1 Pick 4,United States
2008,Danny Granger,GF,6-9,222,Indiana Pacers,Eastern All-Star Coaches Selection,2005 Rnd 1 Pick 17,United States
2008,Devin Harris,G,6-3,185,New Jersey Nets,Eastern All-Star Coaches Selection,2004 Rnd 1 Pick 5,United States
2008,Joe Johnson,SG,6-7,240,Atlanta Hawks,Eastern All-Star Coaches Selection,2001 Rnd 1 Pick 10,United States
2008,Rashard Lewis,F,6-10,235,Orlando Magic,Eastern All-Star Coaches Selection,1998 Rnd 2 Pick 3,United States
2008,Jameer Nelson,G,6-0,190,Orlando Magic,Eastern All-Star Coaches Selection,2004 Rnd 1 Pick 20,United States
2008,Paul Pierce,SF,6-7,235,Boston Celtics,Eastern All-Star Coaches Selection,1998 Rnd 1 Pick 10,United States
2008,Ray Allen,SG,6-5,205,Boston Celtics,Eastern All-Star Replacement Selection,1996 Rnd 1 Pick 5,United States
2008,Mo Williams,G,6-1,198,Cleveland Cavaliers,Eastern All-Star Replacement Selection,2003 Rnd 2 Pick 18,United States
2007,Carlos Boozer,PF,6-9,266,Utah Jazz,Western All-Star Coaches Selection,2002 Rnd 2 Pick 6,"Germany
United States"
2007,Steve Nash,G,6-3,178,Phoenix Suns,Western All-Star Coaches Selection,1996 Rnd 1 Pick 15,"Canada
South Africa"
2007,Dirk Nowitzki,PF,7-0,245,Dallas Mavericks,Western All-Star Coaches Selection,1998 Rnd 1 Pick 9,Germany
2007,Chris Paul,PG,6-0,175,New Orleans Hornets,Western All-Star Coaches Selection,2005 Rnd 1 Pick 4,United States
2007,Brandon Roy,G,6-6,211,Portland Trail Blazers,Western All-Star Coaches Selection,2006 Rnd 1 Pick 6,United States
2007,Amar'e Stoudemire,FC,6-10,245,Phoenix Suns,Western All-Star Coaches Selection,2002 Rnd 1 Pick 9,United States
2007,David West,PF,6-9,250,New Orleans Hornets,Western All-Star Coaches Selection,2003 Rnd 1 Pick 18,United States
2007,Allen Iverson,G,6-0,165,Denver Nuggets,Western All-Star Fan Vote Selection,1996 Rnd 1 Pick 1,United States
2007,Kobe Bryant,SG,6-6,212,Los Angeles Lakers,Western All-Star Fan Vote Selection,1996 Rnd 1 Pick 13,United States
2007,Carmelo Anthony,F,6-8,240,Denver Nuggets,Western All-Star Fan Vote Selection,2003 Rnd 1 Pick 3,United States
2007,Tim Duncan,FC,6-11,250,San Antonio Spurs,Western All-Star Fan Vote Selection,1997 Rnd 1 Pick 1,United States
2007,Yao Ming,C,7-6,310,Houston Rockets,Western All-Star Fan Vote Selection,2002 Rnd 1 Pick 1,China
2007,Jason Kidd,PG,6-4,210,New Jersey Nets,Eastern All-Star Fan Vote Selection,1994 Rnd 1 Pick 2,United States
2007,Dwyane Wade,SG,6-4,220,Miami Heat,Eastern All-Star Fan Vote Selection,2003 Rnd 1 Pick 5,United States
2007,LeBron James,F,6-8,250,Cleveland Cavaliers,Eastern All-Star Fan Vote Selection,2003 Rnd 1 Pick 1,United States
2007,Kevin Garnett,PF,6-11,240,Boston Celtics,Eastern All-Star Fan Vote Selection,1995 Rnd 1 Pick 5,United States
2007,Dwight Howard,C,6-11,265,Orlando Magic,Eastern All-Star Fan Vote Selection,2004 Rnd 1 Pick 1,United States
2007,Chauncey Billups,G,6-3,210,Detroit Pistons,Eastern All-Star Coaches Selection,1997 Rnd 1 Pick 3,United States
2007,Chris Bosh,PF,6-11,235,Toronto Raptors,Eastern All-Star Coaches Selection,2003 Rnd 1 Pick 4,United States
2007,Caron Butler,SF,6-7,228,Washington Wizards,Eastern All-Star Coaches Selection,2002 Rnd 1 Pick 10,United States
2007,Richard Hamilton,SG,6-7,193,Detroit Pistons,Eastern All-Star Coaches Selection,1999 Rnd 1 Pick 7,United States
2007,Antawn Jamison,F,6-9,235,Washington Wizards,Eastern All-Star Coaches Selection,1998 Rnd 1 Pick 4,United States
2007,Joe Johnson,SG,6-7,240,Atlanta Hawks,Eastern All-Star Coaches Selection,2001 Rnd 1 Pick 10,United States
2007,Paul Pierce,SF,6-7,235,Boston Celtics,Eastern All-Star Coaches Selection,1998 Rnd 1 Pick 10,United States
2007,Ray Allen,SG,6-5,205,Boston Celtics,Eastern All-Star Replacement Selection,1996 Rnd 1 Pick 5,United States
2007,Rasheed Wallace,FC,6-11,230,Detroit Pistons,Eastern All-Star Replacement Selection,1995 Rnd 1 Pick 4,United States
